İsim,Puan,Yorum Sayısı,Puan/Yorum,Maps URL,CID,Adres,Kategoriler,Web Sitesi,Fotoğraf Sayısı,Sahiplenme Durumu,Bulunduğu Konum Sayısı,Ortalama Sıralama
Mertin Immobilien,5,40,5 (40),"https://www.google.com/maps/search/Mertin Immobilien Kurze Str. 10, 24784 Westerrönfeld",N/A,"Kurze Str. 10, 24784 Westerrönfeld",N/A,//mertin-immobilien.de,3,Claimed,49,1.39
MEERSTADTLAND GmbH,4.9,294,4.9 (294),"https://www.google.com/maps/search/MEERSTADTLAND GmbH Dorfstraße 20, 24805 Hamdorf",N/A,"Dorfstraße 20, 24805 Hamdorf",N/A,//meerstadtland.de,36,Claimed,49,3.80
Levermann Immobilien,5,22,5 (22),"https://www.google.com/maps/search/Levermann Immobilien Kampkoppel 8, 24811 Owschlag",N/A,"Kampkoppel 8, 24811 Owschlag",N/A,//www.levermann-immobilien.de,9,Claimed,49,4.20
Liß Agentur,4.8,6,4.8 (6),"https://www.google.com/maps/search/Liß Agentur Werner-von-Siemens-Straße 52, 24783 Osterrönfeld",N/A,"Werner-von-Siemens-Straße 52, 24783 Osterrönfeld",N/A,//www.liss-agentur.de,1,Un Claimed,49,5.31
VIB Vermittlungsgesellschaft mbH,4.8,16,4.8 (16),"https://www.google.com/maps/search/VIB Vermittlungsgesellschaft mbH Poststraße 24, 24589 Nortorf",N/A,"Poststraße 24, 24589 Nortorf",N/A,//www.vib-immobilien-nortorf.de,4,Claimed,49,8.45
Starke.Immobilien - Immobilienmakler für Kiel und die Region,4.9,169,4.9 (169),"https://www.google.com/maps/search/Starke.Immobilien - Immobilienmakler für Kiel und die Region Dorfstraße 21, 24109 Melsdorf",N/A,"Dorfstraße 21, 24109 Melsdorf",N/A,//starke.immobilien,127,Claimed,48,9.96
Thomas Schulze Immobilien,5,13,5 (13),"https://www.google.com/maps/search/Thomas Schulze Immobilien Erlenring 4a, 24340 Eckernförde",N/A,"Erlenring 4a, 24340 Eckernförde",N/A,//www.thomas-schulze.info,4,Claimed,47,9.66
Baltic Home Immobilien,4.9,40,4.9 (40),"https://www.google.com/maps/search/Baltic Home Immobilien Fliederweg 10, 24340 Eckernförde",N/A,"Fliederweg 10, 24340 Eckernförde",N/A,//www.baltic-home-immobilien.de,8,Claimed,44,10.27
VON POLL IMMOBILIEN Neumünster,4.9,91,4.9 (91),"https://www.google.com/maps/search/VON POLL IMMOBILIEN Neumünster Großflecken 48, 24534 Neumünster",N/A,"Großflecken 48, 24534 Neumünster",N/A,//www.von-poll.com,6,Claimed,44,13.73
Ostseemakler GmbH Schleswig,3.8,12,3.8 (12),"https://www.google.com/maps/search/Ostseemakler GmbH Schleswig Lollfuß 24, 24837 Schleswig",N/A,"Lollfuß 24, 24837 Schleswig",N/A,//www.ostseemakler.de,4,Claimed,43,9.72
FALC Immobilien Rendsburg,5,2,5 (2),"https://www.google.com/maps/search/FALC Immobilien Rendsburg Ritzebüttler Weg 6a, 24589 Nortorf",N/A,"Ritzebüttler Weg 6a, 24589 Nortorf",N/A,//www.falcimmo.de,1,Claimed,41,10.71
immoverkauf24 GmbH,3.9,119,3.9 (119),"https://www.google.com/maps/search/immoverkauf24 GmbH Gasstraße 18, 22761 Hamburg",N/A,"Gasstraße 18, 22761 Hamburg",N/A,//www.immoverkauf24.de,4,Claimed,41,13.78
Erdmann Immobilien GmbH,4.8,18,4.8 (18),"https://www.google.com/maps/search/Erdmann Immobilien GmbH Schleistraße 18, 24837 Schleswig",N/A,"Schleistraße 18, 24837 Schleswig",N/A,//www.erdmann-immobilien.net,4,Claimed,40,10.65
Clausen Immobilien GmbH,4.9,227,4.9 (227),"https://www.google.com/maps/search/Clausen Immobilien GmbH Bahnhofstraße 46, 24534 Neumünster",N/A,"Bahnhofstraße 46, 24534 Neumünster",N/A,//www.clausen-immob.de,9,Claimed,38,13.08
Stadt & Land Immobilien GmbH & Co. KG,3.3,11,3.3 (11),"https://www.google.com/maps/search/Stadt & Land Immobilien GmbH & Co. KG Rodenbeker Weg 1, 24254 Rumohr",N/A,"Rodenbeker Weg 1, 24254 Rumohr",N/A,//stadtundland.info,2,Claimed,37,12.54
Jacobsen Immobilienagentur e.K.,5,34,5 (34),"https://www.google.com/maps/search/Jacobsen Immobilienagentur e.K. Königstraße 31, 24837 Schleswig",N/A,"Königstraße 31, 24837 Schleswig",N/A,//www.jacobsen-immo.de,16,Claimed,31,11.10
A-Z Immobilien,4.9,30,4.9 (30),"https://www.google.com/maps/search/A-Z Immobilien Gutenbergstraße 48, 24536 Neumünster",N/A,"Gutenbergstraße 48, 24536 Neumünster",N/A,//www.a-z-immob.de,15,Claimed,27,13.67
Immobilien im Norden,5,8,5 (8),"https://www.google.com/maps/search/Immobilien im Norden Ruhm 3, 24247 Mielkendorf",N/A,"Ruhm 3, 24247 Mielkendorf",N/A,//immobilienimnorden.de,183,Claimed,27,14.74
Premium Immobilien Nord GmbH,4.6,94,4.6 (94),"https://www.google.com/maps/search/Premium Immobilien Nord GmbH KiWi-Tower, Am Kiel-Kanal 1, 24106 Kiel",N/A,"KiWi-Tower, Am Kiel-Kanal 1, 24106 Kiel",N/A,//pi-nord.com,3,Claimed,24,15.58
Harald Schulz Immobilien,5,2,5 (2),https://www.google.com/maps/search/Harald Schulz Immobilien ,N/A,N/A,N/A,N/A,0,Claimed,23,11.65
